{
  "project_info": {
    "project_number": "528213494222",
    "project_id": "gdemo-61d52"
  },
  "client": [
    {
      "client_info": {
        "mobilesdk_app_id": "1:528213494222:android:8c7f7a4eb471d442",
        "android_client_info": {
          "package_name": "facebooklogin.junaid.example.com.demo1google"
        }
      },
      "oauth_client": [
        {
          "client_id": "528213494222-5lh3qjj9k1td85k7avbt411lv7u5p0ll.apps.googleusercontent.com",
          "client_type": 1,
          "android_info": {
            "package_name": "facebooklogin.junaid.example.com.demo1google",
            "certificate_hash": "b8805bc406853e3193ddd0b33593dfb59effa3f6"
          }
        },
        {
          "client_id": "528213494222-u3oeua848dpkbfgrf1ab8v0e5u0omqgg.apps.googleusercontent.com",
          "client_type": 3
        }
      ],
      "api_key": [
        {
          "current_key": "AIzaSyD96S1g1nzV2Cb2FoNjYZwayxUnMsMYKOQ"
        }
      ],
      "services": {
        "analytics_service": {
          "status": 1
        },
        "appinvite_service": {
          "status": 1,
          "other_platform_oauth_client": []
        },
        "ads_service": {
          "status": 1
        }
      }
    }
  ],
  "configuration_version": "1"
}