{
  "project_info": {
    "project_number": "743791672546",
    "firebase_url": "https://fir-demo-15974.firebaseio.com",
    "project_id": "fir-demo-15974",
    "storage_bucket": "fir-demo-15974.appspot.com"
  },
  "client": [
    {
      "client_info": {
        "mobilesdk_app_id": "1:743791672546:android:a40ed6eb08e920be",
        "android_client_info": {
          "package_name": "com.example.firebasedemo"
        }
      },
      "oauth_client": [
        {
          "client_id": "743791672546-grmsrftj3brss7uutn3earup81v99ucq.apps.googleusercontent.com",
          "client_type": 1,
          "android_info": {
            "package_name": "com.example.firebasedemo",
            "certificate_hash": "7bbd8a8f6cd44b57bf266b7eaeed967676a39cd7"
          }
        },
        {
          "client_id": "743791672546-iadoedkpdghnsmgmbqh5f5e1c815dr6n.apps.googleusercontent.com",
          "client_type": 3
        }
      ],
      "api_key": [
        {
          "current_key": "AIzaSyAGaibJ0gUlxLSCWVzPOD1Cf689Pqy0978"
        }
      ],
      "services": {
        "analytics_service": {
          "status": 1
        },
        "appinvite_service": {
          "status": 2,
          "other_platform_oauth_client": [
            {
              "client_id": "743791672546-iadoedkpdghnsmgmbqh5f5e1c815dr6n.apps.googleusercontent.com",
              "client_type": 3
            }
          ]
        },
        "ads_service": {
          "status": 2
        }
      }
    }
  ],
  "configuration_version": "1"
}